run,baseline,n_prompts,identical_responses,reward_diff,reward_diff_ci_low,reward_diff_ci_high,n_tokens_diff,n_tokens_diff_ci_low,n_tokens_diff_ci_high
sft,midpoint,200,7,0.06275161743164048,-0.1353746452331543,0.2620333480834958,31.319999999999993,8.692,54.15899999999998
clip_0.05,midpoint,200,9,0.031534042358398295,-0.12011286354064941,0.19066415214538573,14.644999999999982,-5.711749999999999,35.39312499999998
clip_0.2,midpoint,200,9,0.031534042358398295,-0.12011286354064941,0.19066415214538573,14.644999999999982,-5.711749999999999,35.39312499999998
clip_0.5,midpoint,200,9,0.031534042358398295,-0.12011286354064941,0.19066415214538573,14.644999999999982,-5.711749999999999,35.39312499999998
kl_0.0,midpoint,200,9,0.06683883666992174,-0.09073414421081544,0.23371505355834957,22.264999999999986,1.6728750000000001,43.75987499999997
kl_0.1,midpoint,200,9,0.031534042358398295,-0.12011286354064941,0.19066415214538573,14.644999999999982,-5.711749999999999,35.39312499999998
kl_0.2,midpoint,200,8,0.05550445556640615,-0.07803938150405883,0.19339602470397949,23.254999999999995,2.228625,44.51824999999998
kl_0.0,kl_0.1,200,11,0.035304794311523446,-0.13547024726867676,0.2012072315216064,7.6200000000000045,-16.271375,29.450374999999998
kl_0.2,kl_0.1,200,26,0.023970413208007857,-0.1305946569442749,0.17641614007949816,8.610000000000014,-14.609625,30.41
