update,reward,reward_after_eos_penalty,kl,kl_after_update,delta_kl,policy_loss,value_loss,entropy,entropy_exact,grad_norm,value_grad_norm,clip_fraction,response_length,truncated_fraction,no_eos_fraction,explained_variance,policy_loss_epochs,value_loss_epochs,clip_fraction_epochs,max_ratio_deviation,max_ratio_deviation_epochs,clip_fraction_after_update,max_ratio_deviation_after_update,grad_norm_epochs,value_grad_norm_epochs,retries,scaler_scale,generated_tokens,elapsed_sec
1,-1.44921875,-1.44921875,4.036366954096593e-05,0.00020683486945927143,0.0001664711999183055,-5.37970130709553e-06,7.5049097537994385,0.9367309808731079,1.3474162817001343,0.7484504878520966,93.5211067199707,0.0,156.0,0.0,0.0,-22.478141814521713,"[-1.2226593959496768e-08, -1.0747176020231564e-05]","[8.026662826538086, 6.983156681060791]","[0.0, 0.0]",0.01730954647064209,"[0.0, 0.01730954647064209]",0.0,0.03493136167526245,"[0.7475897073745728, 0.7493112683296204]","[96.05815124511719, 90.98406219482422]",0,65536.0,156,11.631010920000335
2,-1.66796875,-2.66796875,-0.0002058557147393003,-0.000214545609196648,-8.689894457347691e-06,-0.00011927727609872818,8.594497680664062,0.6820573806762695,0.9342839121818542,0.2601834386587143,150.80386352539062,0.0,512.0,1.0,1.0,-24.37812095961128,"[-5.587935447692871e-09, -0.00023854896426200867]","[8.814737319946289, 8.374258041381836]","[0.0, 0.0]",0.030727505683898926,"[0.0, 0.030727505683898926]",0.0,0.02446204423904419,"[0.26008591055870056, 0.260280966758728]","[154.2690887451172, 147.33863830566406]",0,65536.0,668,43.21561059600026
3,2.134765625,2.134765625,-7.622441626153886e-05,-0.00010952130833175033,-3.329689207021147e-05,0.0002484990222804129,4.585297346115112,0.5946210622787476,0.7110412120819092,0.2958756536245346,71.29032707214355,0.0,328.0,0.0,0.0,-4.058264053826709,"[-2.3260348314124712e-08, 0.0004970213049091399]","[4.77750301361084, 4.393091678619385]","[0.0, 0.0]",0.021728038787841797,"[0.0, 0.021728038787841797]",0.0,0.02147650718688965,"[0.295334130525589, 0.2964171767234802]","[82.24154663085938, 60.339107513427734]",0,65536.0,996,63.92530142300029
4,0.016693115234375,0.016693115234375,-0.00014349792036227882,0.0004780181625392288,0.0006215160829015076,0.00030201819310793354,3.471673846244812,1.3024691343307495,1.7940822839736938,0.24566958099603653,48.60613441467285,0.0,246.0,0.0,0.0,-20.18474377902177,"[-5.815087078531178e-09, 0.0006040422013029456]","[3.570438861846924, 3.3729088306427]","[0.0, 0.0]",0.023193418979644775,"[0.0, 0.023193418979644775]",0.0,0.02624678611755371,"[0.2456633746623993, 0.24567578732967377]","[62.137237548828125, 35.07503128051758]",0,65536.0,1242,79.8413315390003
5,2.92578125,2.92578125,9.449267236050218e-05,-0.0003464439359959215,-0.0004409366083564237,2.9777723269841516e-05,2.4095730781555176,1.0958038568496704,1.3806253671646118,0.3102693110704422,29.554984092712402,0.0,252.0,0.0,0.0,-5.967147211307356,"[-7.568844218042159e-09, 5.9563015383901075e-05]","[2.4783408641815186, 2.3408052921295166]","[0.0, 0.0]",0.01903212070465088,"[0.0, 0.01903212070465088]",0.0,0.022653639316558838,"[0.3101484179496765, 0.3103902041912079]","[30.715803146362305, 28.3941650390625]",0,65536.0,1494,95.4401903060002
6,-0.98681640625,-1.98681640625,2.4741035304032266e-05,-7.018024916760623e-05,-9.49212844716385e-05,9.588804095983505e-05,4.0563294887542725,0.5123443603515625,0.7204373478889465,0.22981570661067963,72.10663223266602,0.0,512.0,1.0,1.0,-8.529508868659857,"[-5.587935447692871e-09, 0.0001917816698551178]","[4.1450300216674805, 3.9676289558410645]","[0.0, 0.0]",0.024234890937805176,"[0.0, 0.024234890937805176]",0.0,0.0338405966758728,"[0.23020368814468384, 0.22942772507667542]","[74.29401397705078, 69.91925048828125]",0,65536.0,2006,126.22745804000033
7,-0.94677734375,-0.94677734375,-0.001119892462156713,-0.0011732465354725718,-5.335407331585884e-05,0.00059135434217783,1.7580821514129639,0.959471583366394,1.1255686283111572,0.9189741909503937,64.95799827575684,0.0,50.0,0.0,0.0,-22.169878856683976,"[-2.8610228852699038e-08, 0.0011827372945845127]","[1.8236883878707886, 1.6924759149551392]","[0.0, 0.0]",0.018407583236694336,"[0.0, 0.018407583236694336]",0.0,0.011925458908081055,"[0.9197960495948792, 0.9181523323059082]","[71.74368286132812, 58.17231369018555]",0,65536.0,2056,130.52452941900037
8,-2.298828125,-2.298828125,-0.0006215396570041776,0.0008943387656472623,0.00151587842265144,-7.508580781090402e-05,4.866456747055054,0.3910142779350281,0.7282302379608154,1.1578612923622131,297.4160461425781,0.0,13.0,0.0,0.0,-25.987624833780608,"[9.16994569166718e-09, -0.0001501807855674997]","[5.2542195320129395, 4.478693962097168]","[0.0, 0.0]",0.0069915056228637695,"[0.0, 0.0069915056228637695]",0.0,0.014072775840759277,"[1.1578470468521118, 1.1578755378723145]","[320.37554931640625, 274.45654296875]",0,65536.0,2069,132.95110271900012
9,1.1845703125,1.1845703125,0.005357982125133276,0.00018450971401762217,-0.005173472411115654,-0.0058328153565527785,3.1616677045822144,0.29384902119636536,0.8090022802352905,9.593260765075684,202.80120086669922,0.0,5.0,0.0,0.0,-3625.5207433436676,"[-2.3841858265427618e-08, -0.011665606871247292]","[3.4412777423858643, 2.8820576667785645]","[0.0, 0.0]",0.03363674879074097,"[0.0, 0.03363674879074097]",0.0,0.024523258209228516,"[9.603739738464355, 9.582781791687012]","[214.44886779785156, 191.15353393554688]",2,16384.0,2074,136.07923846400035
10,3.830078125,3.830078125,2.8676735382759944e-05,1.287381110159913e-06,-2.738935427260003e-05,-8.720112271287661e-05,4.474039793014526,0.7934018969535828,0.8236525058746338,0.3393329083919525,71.99395751953125,0.0,254.0,0.0,0.0,-6.363853730576843,"[-1.1263869836852791e-08, -0.00017439098155591637]","[4.511412143707275, 4.436667442321777]","[0.0, 0.0]",0.04297804832458496,"[0.0, 0.04297804832458496]",0.0,0.040181636810302734,"[0.3397280275821686, 0.33893778920173645]","[68.74322509765625, 75.24468994140625]",0,16384.0,2328,152.21867112000018
11,-1.2255859375,-1.2255859375,-0.0006311846664175391,-0.001402523834258318,-0.0007713391678407788,0.00036067228379366156,2.9953739643096924,0.2063060700893402,0.6086375713348389,1.1249825358390808,257.8774108886719,0.0,13.0,0.0,0.0,-47.2208041699399,"[7.335956553333745e-08, 0.0007212712080217898]","[3.0615170001983643, 2.9292309284210205]","[0.0, 0.0]",0.00860595703125,"[0.0, 0.00860595703125]",0.0,0.0028327107429504395,"[1.1308395862579346, 1.119125485420227]","[259.1390686035156, 256.6157531738281]",0,16384.0,2341,154.72888883900032
12,0.8623046875,-0.1376953125,5.797598714707419e-05,-6.933743134140968e-05,-0.00012731341848848388,-4.5958906412124634e-05,5.219372510910034,1.0752406120300293,1.5092051029205322,0.22473756968975067,76.59025573730469,0.0,512.0,1.0,1.0,-5.565457038317547,"[-3.725290298461914e-09, -9.19140875339508e-05]","[5.29763650894165, 5.141108512878418]","[0.0, 0.0]",0.03807628154754639,"[0.0, 0.03807628154754639]",0.0,0.0184403657913208,"[0.22477321326732635, 0.224701926112175]","[79.72588348388672, 73.45462799072266]",0,16384.0,2853,185.71694149099994
13,0.7568359375,-0.2431640625,-0.0006523591582663357,-0.0002756787580437958,0.0003766804002225399,-3.908015787601471e-05,2.676426649093628,1.1187125444412231,1.4205505847930908,0.23997990787029266,45.22554969787598,0.0,512.0,1.0,1.0,-12.017141394640587,"[9.313225746154785e-09, -7.816962897777557e-05]","[2.7418720722198486, 2.6109812259674072]","[0.0, 0.0]",0.02953362464904785,"[0.0, 0.02953362464904785]",0.0,0.026592731475830078,"[0.2399188131093979, 0.24004100263118744]","[48.13561248779297, 42.315486907958984]",0,16384.0,3365,216.31123101699995
14,-3.3046875,-4.3046875,0.00015623425133526325,0.000517333741299808,0.0003610994899645448,-8.425302803516388e-05,2.625479578971863,1.2996506690979004,1.9254124164581299,0.18744106590747833,39.95699882507324,0.0,512.0,1.0,1.0,-5.1022278434089285,"[-1.4901161193847656e-08, -0.0001684911549091339]","[2.6720101833343506, 2.578948974609375]","[0.0, 0.0]",0.023567795753479004,"[0.0, 0.023567795753479004]",0.0,0.017633259296417236,"[0.187284916639328, 0.18759721517562866]","[42.21521759033203, 37.69878005981445]",0,16384.0,3877,247.6833999190003
15,0.712890625,-0.287109375,-0.0004616307560354471,1.063220770447515e-05,0.00047226296373992227,0.000109103973954916,5.387246370315552,0.5851269960403442,0.7257925271987915,0.15601953119039536,89.53438568115234,0.0,512.0,1.0,1.0,-6.351793892685051,"[-4.6566128730773926e-09, 0.00021821260452270508]","[5.453323841094971, 5.321168899536133]","[0.0, 0.0]",0.03081798553466797,"[0.0, 0.03081798553466797]",0.0,0.031118392944335938,"[0.15573100745677948, 0.15630805492401123]","[90.80935668945312, 88.25941467285156]",0,16384.0,4389,277.96400815100014
16,0.9990234375,0.9990234375,0.00033788199652917683,0.0003687317075673491,3.0849711038172245e-05,-8.952418672070195e-05,5.724124908447266,0.2619970142841339,0.39082080125808716,0.26584333181381226,297.1113739013672,0.0,30.0,0.0,0.0,-6.619889050622862,"[2.781550101360608e-08, -0.0001790761889424175]","[5.910445690155029, 5.537804126739502]","[0.0, 0.0]",0.014146864414215088,"[0.0, 0.014146864414215088]",0.0,0.0036416053771972656,"[0.266231894493103, 0.2654547691345215]","[303.8656921386719, 290.3570556640625]",0,16384.0,4419,281.5233536290002
17,-0.6962890625,-1.6962890625,-0.0004291533259674907,-3.231069422326982e-05,0.00039684263174422085,-6.595533341169357e-05,3.565329909324646,0.6479765772819519,0.8236622214317322,0.23144831508398056,43.54576301574707,0.0,512.0,1.0,1.0,-1.99416833334248,"[1.862645149230957e-09, -0.00013191252946853638]","[3.6422412395477295, 3.4884185791015625]","[0.0, 0.0]",0.02620387077331543,"[0.0, 0.02620387077331543]",0.0,0.02729618549346924,"[0.23150810599327087, 0.23138852417469025]","[44.962345123291016, 42.129180908203125]",0,16384.0,4931,311.76694219
18,2.123046875,2.123046875,-8.564168820157647e-05,-0.0004903951776213944,-0.0004047534894198179,-8.536331121833385e-05,2.7882330417633057,0.5532345771789551,0.6322346329689026,0.2204335778951645,34.49220371246338,0.0,504.0,0.0,0.0,-3.612737948257192,"[-9.461055050508094e-09, -0.0001707171613816172]","[2.858121395111084, 2.7183446884155273]","[0.0, 0.0]",0.025928378105163574,"[0.0, 0.025928378105163574]",0.0,0.021442830562591553,"[0.22034022212028503, 0.22052693367004395]","[41.84551239013672, 27.13889503479004]",0,16384.0,5435,342.2589410980004
19,0.310546875,0.310546875,-4.430734406923875e-05,-0.0006932074902579188,-0.0006489001461886801,-0.00019174082671380432,2.554542899131775,0.4587039053440094,0.8261728286743164,0.8139622807502747,64.1901912689209,0.0,57.0,0.0,0.0,-15.44738070805181,"[4.1827821206652516e-09, -0.0003834858362097293]","[2.6445059776306152, 2.4645798206329346]","[0.0, 0.0]",0.01972740888595581,"[0.0, 0.01972740888595581]",0.0,0.015106916427612305,"[0.8135277032852173, 0.814396858215332]","[65.74899291992188, 62.63138961791992]",0,16384.0,5492,346.7791582210002
20,-0.364501953125,-0.364501953125,0.0004130918241571635,0.0001728519273456186,-0.0002402398968115449,0.0003232916971445121,2.9242796897888184,0.30387136340141296,0.4244203567504883,1.1283130049705505,148.751220703125,0.0,23.0,0.0,0.0,-48.402926973603606,"[1.5549037613027394e-08, 0.0006465678452514112]","[3.0545122623443604, 2.7940471172332764]","[0.0, 0.0]",0.012092828750610352,"[0.0, 0.012092828750610352]",0.0,0.007377326488494873,"[1.125431776046753, 1.1311942338943481]","[158.4151611328125, 139.0872802734375]",0,16384.0,5515,349.65010298100015
