run,reward_mean,reward_mean_ci_low,reward_mean_ci_high,kl_token_mean,kl_token_mean_ci_low,kl_token_mean_ci_high,kl_sequence_mean,kl_sequence_mean_ci_low,kl_sequence_mean_ci_high,entropy,entropy_ci_low,entropy_ci_high,entropy_exact,entropy_exact_ci_low,entropy_exact_ci_high,length_mean,length_mean_ci_low,length_mean_ci_high,no_eos_fraction,no_eos_fraction_ci_low,no_eos_fraction_ci_high,reward_std,length_std,length_median,length_iqr,truncated_fraction,generated_tokens,n_responses,eval_gpu_name,eval_git_commit,train_clip_epsilon,train_kl_beta,train_updates,train_generated_tokens,train_step_retries_total,train_wall_clock_sec,train_peak_vram_bytes,train_gpu_name,train_dtype,train_git_commit,s1_std_delta_kl,s2_updates_above_threshold
sft,1.5568870544433593,1.3241282119750977,1.7796381492614743,0.0,0.0,0.0,0.0,0.0,0.0,0.8275790681567217,0.77764345075255,0.8831320682278903,1.0480549304239029,0.9788612596386836,1.1249515266355032,308.51,273.30425,347.07599999999996,0.1,0.06,0.14,1.6661677641176011,254.36389268133163,247.5,451.0,0.1,61702.0,200.0,Tesla T4,124361975460fe6e7e710818cd477e353ac59f3b,,,,,,,,,,,,
midpoint,1.4941354370117188,1.2970330314636231,1.6823791999816895,1.2140071124089475e-05,-2.670036346746902e-05,5.168304649069203e-05,0.0033651063148863614,-0.007102999724214897,0.014529767104133498,0.8185628290451473,0.7690966974810718,0.8755040543772282,1.0233278175743836,0.9531693690713473,1.1062812677074219,277.19,242.10987500000002,313.355375,0.095,0.055,0.145,1.3844376444034168,246.2093497412314,216.0,375.25,0.095,55438.0,200.0,Tesla T4,ab35d3814c6dca5df2e9e0b5f816e42459b765dc,,,,,,,,,,,,
standard,,,,,,,,,,,,,,,,,,,,,,,,,,,,,,,0.2,0.1,20.0,5515.0,2.0,350.99300404600035,12865036800.0,Tesla T4,float16,d4a26ae917cd6b1297acb8f78e079c488c46acf6,,
clip_0.05,1.525669479370117,1.3268745288848875,1.7211767883300781,1.1143008713133903e-06,-4.0818614862440355e-05,4.4264190958623665e-05,0.00032519199477974324,-0.011933284534927225,0.012770560412172926,0.8188259747799029,0.7665051921143166,0.8754120445670199,1.0403268454485313,0.9638706733436987,1.1243291984712565,291.835,258.199,328.90562499999993,0.08,0.045,0.12,1.4261308863888458,245.45934037025359,224.5,374.0,0.08,58367.0,200.0,Tesla T4,cee7f724fb230e0198ae39aac30ea481f39a9244,0.05,0.1,8.0,2069.0,0.0,136.96285556600014,12793981952.0,Tesla T4,float16,cee7f724fb230e0198ae39aac30ea481f39a9244,0.000566747458017607,1.0
clip_0.2,1.525669479370117,1.3268745288848875,1.7211767883300781,1.1143008713133903e-06,-4.0818614862440355e-05,4.4264190958623665e-05,0.00032519199477974324,-0.011933284534927225,0.012770560412172926,0.8188259747799029,0.7665051921143166,0.8754120445670199,1.0403268454485313,0.9638706733436987,1.1243291984712565,291.835,258.199,328.90562499999993,0.08,0.045,0.12,1.4261308863888458,245.45934037025359,224.5,374.0,0.08,58367.0,200.0,Tesla T4,cee7f724fb230e0198ae39aac30ea481f39a9244,0.2,0.1,8.0,2069.0,0.0,140.4798297970001,12793981952.0,Tesla T4,float16,cee7f724fb230e0198ae39aac30ea481f39a9244,0.000566747458017607,1.0
clip_0.5,1.525669479370117,1.3268745288848875,1.7211767883300781,1.1143008713133903e-06,-4.0818614862440355e-05,4.4264190958623665e-05,0.00032519199477974324,-0.011933284534927225,0.012770560412172926,0.8188259747799029,0.7665051921143166,0.8754120445670199,1.0403268454485313,0.9638706733436987,1.1243291984712565,291.835,258.199,328.90562499999993,0.08,0.045,0.12,1.4261308863888458,245.45934037025359,224.5,374.0,0.08,58367.0,200.0,Tesla T4,cee7f724fb230e0198ae39aac30ea481f39a9244,0.5,0.1,8.0,2069.0,0.0,139.12405868299993,12793981952.0,Tesla T4,float16,cee7f724fb230e0198ae39aac30ea481f39a9244,0.000566747458017607,1.0
kl_0.0,1.5609742736816405,1.3536864585876465,1.7627619705200195,-1.6385901479888337e-05,-5.52820842702772e-05,2.16262532997063e-05,-0.004906840127659962,-0.016660746298439333,0.006413249931123566,0.8230865993038389,0.7724371292714056,0.8798496296969875,1.0353679251042656,0.9662779140746193,1.1146281609238653,299.455,264.73400000000004,335.01149999999996,0.09,0.05,0.13,1.510740920663805,246.8578902425442,239.5,406.0,0.09,59891.0,200.0,Tesla T4,7a8aa118282d4f8e9f17479d4993b1b8f1084c43,0.2,0.0,8.0,2103.0,0.0,140.98316171399892,12793971712.0,Tesla T4,float16,7a8aa118282d4f8e9f17479d4993b1b8f1084c43,,
kl_0.1,1.525669479370117,1.3268745288848875,1.7211767883300781,1.1143008713133903e-06,-4.0818614862440355e-05,4.4264190958623665e-05,0.00032519199477974324,-0.011933284534927225,0.012770560412172926,0.8188259747799029,0.7665051921143166,0.8754120445670199,1.0403268454485313,0.9638706733436987,1.1243291984712565,291.835,258.199,328.90562499999993,0.08,0.045,0.12,1.4261308863888458,245.45934037025359,224.5,374.0,0.08,58367.0,200.0,Tesla T4,7a8aa118282d4f8e9f17479d4993b1b8f1084c43,0.2,0.1,8.0,2069.0,0.0,140.25177589300074,12793971712.0,Tesla T4,float16,7a8aa118282d4f8e9f17479d4993b1b8f1084c43,,
kl_0.2,1.549639892578125,1.3445680408477783,1.7410065450668333,-6.5948147570414945e-06,-4.8983182806577976e-05,3.5806629730763455e-05,-0.0019813791196793317,-0.014632146976597142,0.010836318788438801,0.7974357990306447,0.7460625563974415,0.8542014939667637,1.0046110256534766,0.9354070716721818,1.0822848691714333,300.445,265.985125,336.53162499999996,0.095,0.055,0.14,1.4583707229974623,249.09387181341896,257.5,388.75,0.095,60089.0,200.0,Tesla T4,7a8aa118282d4f8e9f17479d4993b1b8f1084c43,0.2,0.2,8.0,2069.0,0.0,141.4484552469985,12793971712.0,Tesla T4,float16,7a8aa118282d4f8e9f17479d4993b1b8f1084c43,,
