run,stratum,n_pairs,preference_accuracy,preference_accuracy_ci_low,preference_accuracy_ci_high,raw_preference_accuracy,raw_preference_accuracy_ci_low,raw_preference_accuracy_ci_high,margin_mean,margin_mean_ci_low,margin_mean_ci_high
reference,preferred_longer,78,0.0,0.0,0.0,0.1282051282051282,0.0641025641025641,0.20512820512820512,0.0,0.0,0.0
reference,length_matched,80,0.0,0.0,0.0,0.6,0.5,0.7125,0.0,0.0,0.0
reference,rejected_longer,79,0.0,0.0,0.0,0.9620253164556962,0.9113924050632911,1.0,0.0,0.0,0.0
reference,all,237,0.0,0.0,0.0,0.5654008438818565,0.5021097046413502,0.6286919831223629,0.0,0.0,0.0
standard,preferred_longer,78,0.44871794871794873,0.3333333333333333,0.5512820512820513,0.1282051282051282,0.0641025641025641,0.20512820512820512,-0.09914569365672576,-0.4129802398192577,0.2046692774846003
standard,length_matched,80,0.6125,0.5,0.7125,0.6,0.5,0.7125,0.20403393357992172,-0.0516745126247406,0.46088559597730616
standard,rejected_longer,79,0.6582278481012658,0.5569620253164557,0.759493670886076,0.9620253164556962,0.9113924050632911,1.0,0.7057135987885391,0.36712088343463367,1.0453602585611461
standard,all,237,0.5738396624472574,0.510548523206751,0.6329113924050633,0.5654008438818565,0.5021097046413502,0.6286919831223629,0.27147985183739964,0.07333382607638081,0.4495593704503295
length_balanced,preferred_longer,78,0.4358974358974359,0.3333333333333333,0.5384615384615384,0.1282051282051282,0.0641025641025641,0.20512820512820512,-0.46439214853140026,-0.860774574524317,-0.04949530087984604
length_balanced,length_matched,80,0.5875,0.475,0.6875,0.6,0.5,0.7125,0.33609745278954506,0.005935037396848204,0.6745443182252345
length_balanced,rejected_longer,79,0.7974683544303798,0.7088607594936709,0.8860759493670886,0.9620253164556962,0.9113924050632911,1.0,1.452345739437055,0.9773733406127254,1.9164318378967575
length_balanced,all,237,0.6075949367088608,0.5485232067510548,0.6666666666666666,0.5654008438818565,0.5021097046413502,0.6286919831223629,0.4447279411529187,0.1755881606652264,0.7039003201049089
