group_size,groups_per_prompt,total_generations,difficulty,n_prompts,informative_rate,informative_rate_ci_low,informative_rate_ci_high,reward_std,reward_std_ci_low,reward_std_ci_high,advantage_variance,advantage_variance_ci_low,advantage_variance_ci_high,centred_reward_variance,centred_reward_variance_ci_low,centred_reward_variance_ci_high
2,4,192,all,24,0.9476562500000006,0.8583789062500006,0.9968229166666673,0.38824254353841153,0.28911285654703794,0.5061566340128579,0.9476350907530858,0.8583563009624192,0.9968038576865146,0.3247764730950197,0.17056560939798754,0.544211026389772
2,4,192,hard,8,0.8707812500000006,0.6207812500000004,1.0000000000000007,0.48537261962890643,0.26006538009643554,0.7590212326049806,0.8707675400889334,0.6207697851921952,0.9999860309450436,0.516951981857419,0.15319901739805938,1.0630470081139352
2,4,192,medium,8,0.9809375000000007,0.9528125000000006,1.0000000000000007,0.37102249145507804,0.2458112182617188,0.5042251091003415,0.9809139193286502,0.9527761343596363,0.9999871256930475,0.2594479740411044,0.11957018530368807,0.4180945354383434
2,4,192,easy,8,0.9912500000000006,0.9785937500000007,1.0000000000000007,0.30833251953125,0.18820495605468757,0.46077337646484345,0.9912238128416736,0.9785562989873284,0.9999808915939462,0.19792946338653566,0.0618267822265625,0.4010026205778122
4,2,192,all,24,0.9583333333333339,0.8750000000000006,1.0000000000000007,0.5494217206217283,0.40908686690066837,0.7161605374318288,0.9583271957549773,0.874993223250273,0.9999950371184952,0.48108236016084766,0.2523742053701233,0.8091411098614337
4,2,192,hard,8,0.8750000000000006,0.6250000000000004,1.0000000000000007,0.6833938296403513,0.3682248572533582,1.0644638885479738,0.8749967282773894,0.6249972992024606,0.9999971065680296,0.7647243307530884,0.22539436330646276,1.5763313811589041
4,2,192,medium,8,1.0000000000000007,1.0000000000000007,1.0000000000000007,0.5262308682284111,0.35197987449901064,0.7131941425400722,0.9999927610538463,0.999989209510936,0.9999960269850702,0.3851807792857287,0.17763100421428674,0.6252631136830891
4,2,192,easy,8,1.0000000000000007,1.0000000000000007,1.0000000000000007,0.4386404639964227,0.2672990769008863,0.6551790751675509,0.999992097933696,0.9999886325022846,0.9999950758399823,0.2933419704437258,0.09176076436042788,0.5957087006568913
8,1,192,all,24,0.9583333333333339,0.8750000000000006,1.0000000000000007,0.6190544134665207,0.4647018136499963,0.8033358675693805,0.9583290996055117,0.8749954267866713,0.9999963887933474,0.5598951438441877,0.29392904883328186,0.9406045884126819
8,1,192,hard,8,0.8750000000000006,0.6250000000000004,1.0000000000000007,0.7633688437029321,0.4120041585055562,1.188133805676503,0.8749973884556095,0.6249978127976941,0.9999977938880584,0.8869009069167099,0.26247340571135347,1.8253125639981638
8,1,192,medium,8,1.0000000000000007,1.0000000000000007,1.0000000000000007,0.5990220788024178,0.40970420887031855,0.8038870615352046,0.9999956471654693,0.9999941712986191,0.9999971639694247,0.44691224163398063,0.2058931767940517,0.7271680021658526
8,1,192,easy,8,1.0000000000000007,1.0000000000000007,1.0000000000000007,0.49477231789421217,0.30505713862907136,0.7371266968508988,0.9999942631954561,0.9999919560896356,0.9999962564337035,0.34587228298187256,0.10848855972290031,0.7016501188278191
