update,reward,kl,kl_objective,reward_std_within_group,uninformative_group_fraction,loss,policy_loss,grad_norm,entropy,entropy_exact,clip_fraction,clip_fraction_after_update,max_ratio_deviation_after_update,delta_kl,response_length,truncated_fraction,masked_completions,no_gradient,retries,scaler_scale,generated_tokens,elapsed_sec
1,-1.4879150390625,5.054037683294155e-05,1.582360414431605e-05,0.6885502338409424,0.0,1.6391277313232422e-06,3.725290298461914e-08,0.6953042149543762,1.167897343635559,1.7514545884850907,0.0,0.0,0.03045332431793213,0.0004061490093192009,73.0,0.0,0,False,0,65536.0,292,9.438287182999943
2,-0.427276611328125,0.00019124532991554588,8.92989100975683e-06,0.6570132374763489,0.0,-0.128999263048172,-0.12900015711784363,0.05195466801524162,0.6491592526435852,0.885487686630991,0.0,0.0,0.037146568298339844,-1.843953772497652e-05,426.75,0.75,3,False,0,65536.0,1999,40.23647986499998
3,1.12066650390625,-0.0004716335970442742,2.3506886691393447e-05,0.5854775309562683,0.0,2.3890752345323563e-06,4.086177796125412e-08,0.42904701828956604,0.7091080546379089,0.8457020445640042,0.0,0.0,0.07253456115722656,0.00038523328322801533,201.25,0.0,0,False,0,65536.0,2804,56.08980348299997
4,-1.0902099609375,8.630039519630373e-05,1.3254707710075309e-05,1.4332003593444824,0.0,-0.13587115705013275,-0.135872483253479,0.15440884232521057,1.1175874471664429,1.458479544652165,0.0,0.0,0.027279973030090332,-0.00025943999920731095,322.25,0.25,1,False,0,65536.0,4093,88.03839776500001
5,3.11669921875,5.421247806225438e-06,1.4323365576274227e-05,0.5270839333534241,0.0,1.4156103134155273e-06,-1.4901161193847656e-08,0.18439392745494843,0.8770939111709595,1.0598056060095176,0.0,0.0,0.029250621795654297,-0.00013465313170101174,230.25,0.0,0,False,0,65536.0,5014,105.25886600000001
6,0.77471923828125,-9.7995791293215e-05,1.386053736496251e-05,0.21410083770751953,0.0,0.4183495044708252,0.418348103761673,0.1164526715874672,0.6751843690872192,0.859209472367497,0.0,0.0,0.03805851936340332,9.165843039980166e-05,422.75,0.5,2,False,0,65536.0,6705,135.82828676100007
7,-0.238739013671875,-0.0008706151857040823,1.5242818449223705e-05,0.43173205852508545,0.0,1.5366822481155396e-06,7.450580596923828e-09,0.5608353018760681,0.8134751915931702,1.4662010156366814,0.0,0.0,0.030783534049987793,0.00047526043354038987,52.25,0.0,0,False,0,65536.0,6914,141.320394222
8,-2.077880859375,0.00044129995512776077,9.37687319435554e-06,0.7412805557250977,0.0,9.98377799987793e-07,5.960464477539063e-08,0.6212722659111023,0.5565168261528015,0.8817014768142108,0.0,0.0,0.03808164596557617,0.0014525342934815458,32.25,0.0,0,False,0,65536.0,7043,148.03785534899998
9,0.77392578125,0.0017118505202233791,1.005484523375344e-05,0.22869788110256195,0.0,1.043081283569336e-06,2.9802322387695312e-08,0.8943392634391785,0.7218026518821716,0.7915368630335882,0.0,0.0,0.01382303237915039,-0.0009628982426455388,6.5,0.0,0,False,0,65536.0,7069,150.25447446199996
10,2.69775390625,0.00022663859999738634,1.3052466329099843e-05,0.5444900989532471,0.0,-0.2378658801317215,-0.23786719143390656,0.14382275938987732,0.7840713262557983,0.8815190100364426,0.0,0.0,0.029514193534851074,-1.7035317402992736e-05,331.75,0.25,1,False,0,65536.0,8396,180.05335798700003
11,0.1888427734375,0.0003078081936109811,1.6252436449093466e-05,0.971911609172821,0.0,1.5944242477416992e-06,-2.2351741790771484e-08,0.6060229539871216,0.8215322494506836,1.1215859651565552,0.0,0.0,0.014808177947998047,0.00029200000784522485,63.0,0.0,0,False,0,65536.0,8648,187.51559148599995
12,1.5716552734375,4.3851250666193664e-05,0.0,0.5576421618461609,0.0,0.0,0.0,0.0,0.9826379418373108,1.4398925304412842,0.0,0.0,0.0,0.0,512.0,1.0,4,True,0,65536.0,10696,217.80885194100006
13,2.49658203125,-4.57355345133692e-05,0.0,0.3619672656059265,0.0,0.0,0.0,0.0,1.0934311151504517,1.4281938672065735,0.0,0.0,0.0,0.0,512.0,1.0,4,True,0,65536.0,12744,247.58397090599988
14,-4.94140625,0.00017165207827929407,1.3502716456059716e-05,0.0,1.0,1.3502717024493904e-06,0.0,0.0001542484969832003,1.5091328620910645,2.159801157470084,0.0,0.0,0.02542048692703247,-0.00018502399325370789,295.75,0.25,1,False,0,65536.0,13927,279.06279353900004
15,-0.18109130859375,0.00013247967581264675,0.0,0.7094609141349792,0.0,0.0,0.0,0.0,0.6162601709365845,0.7439639717340469,0.0,0.0,0.0,0.0,512.0,1.0,4,True,0,65536.0,15975,309.135821697
16,0.516357421875,-0.00044319703010842204,5.035277467868582e-06,0.26680710911750793,0.0,5.066394805908203e-07,0.0,0.46415644884109497,0.28171443939208984,0.3741275422713336,0.0,0.0,0.015177726745605469,0.0002115341040360577,34.0,0.0,0,False,0,65536.0,16111,313.79057734
17,0.6402587890625,0.00010844100324902683,1.3081527868052945e-05,1.328532338142395,0.0,-0.3859784007072449,-0.38597971200942993,0.092791348695755,0.825973629951477,0.9367025325982001,0.0,0.0,0.02870917320251465,-0.00016386868567745105,511.75,0.75,3,False,0,65536.0,18158,344.159509696
18,1.4306640625,-7.009124965406954e-05,1.2202013749629259e-05,0.5899847745895386,0.0,-0.1758670210838318,-0.17586824297904968,0.06280849874019623,0.728169322013855,0.8323954786537454,0.0,0.0,0.02972853183746338,0.00019879466251530157,477.25,0.75,3,False,0,65536.0,20067,375.0573052550001
19,0.4727783203125,-0.00045750397839583457,1.5944037912163367e-05,1.3149619102478027,0.0,1.6093254089355469e-06,-7.450580596923828e-09,0.6780709028244019,0.8802827000617981,1.1106000061692862,0.0,0.0,0.029421865940093994,-0.00016598159122152318,72.5,0.0,0,False,0,65536.0,20357,385.65087153700006
20,-0.2445831298828125,-7.066612397466088e-06,3.57887026325443e-06,0.42970019578933716,0.0,3.725290298461914e-07,1.4901161193847656e-08,0.5308497548103333,0.30996209383010864,0.3872238190277763,0.0,0.0,0.015032589435577393,-0.00015183941349792093,23.0,0.0,0,False,0,65536.0,20449,389.03674333899994
